Time,Open,High,Low,Close,Volume
,CEG,CEG,CEG,CEG,CEG
2022-01-19,36.878656296502974,41.73111107235863,36.878656296502974,40.7606201171875,129900
2022-01-20,39.74160833014757,46.9426499796391,39.74160833014757,43.672096252441406,153400
2022-01-21,41.73111419677734,48.47602758063585,41.682590385811636,43.672096252441406,329500
2022-01-24,43.59444988474668,43.67209093454113,40.64416033300907,41.537010192871094,110000
2022-01-25,41.24585769188502,43.59444357637775,40.110385268918336,40.66162109375,23500
2022-01-26,43.681794136661125,43.73032164376047,41.00324085973141,41.944618225097656,90500
2022-01-27,45.865396636393015,48.15575566940604,42.45897533026184,44.40966033935547,151600
2022-01-28,43.23537200486367,46.19536872511421,42.847177837855796,45.370452880859375,43600
2022-01-31,44.64258654912313,46.58356857299805,44.64258654912313,46.58356857299805,71300
2022-02-01,46.09832075918761,48.524548167565904,45.66159908525367,48.311038970947266,298800
2022-02-02,48.558508142602996,54.570698490198325,48.330442207036434,51.445716857910156,23860900
2022-02-03,50.64992119088701,54.900672575319966,48.81569389340769,52.037723541259766,8425500
2022-02-04,51.04781849647633,52.72677096653183,48.641001572979455,48.6604118347168,6757800
2022-02-07,48.52454762260812,48.563368149217204,44.642583812799465,44.71051788330078,9432500
2022-02-08,43.79825658224373,46.15654983156991,42.86658247848998,44.1573371887207,7277500
2022-02-09,43.42946716881015,46.04979330266135,42.58514113419139,45.91392517089844,4393100
2022-02-10,44.167033882611925,47.068802951221734,44.040872746419545,45.661590576171875,2450000
2022-02-11,45.38015143331172,47.46670828379188,44.70081078629852,46.67090606689453,3456800
2022-02-14,46.767960231324295,47.55405927869793,45.60337398620255,46.69032287597656,2155000
2022-02-15,46.292422009842696,47.02029026879579,45.80717650387396,46.58356857299805,2359800
2022-02-16,46.31182657629186,47.039694745690596,45.56454814478701,45.80717086791992,5855300
2022-02-17,44.95313370035378,45.69070878385146,43.85647805632961,43.953529357910156,3142600
2022-02-18,43.8176622649654,44.54553038430284,43.47798825466404,44.06998825073242,2018700
2022-02-22,44.06998561382484,44.332018565363136,42.2066451168349,42.25516891479492,2611100
2022-02-23,42.40074395762292,42.691894174695996,40.93530440119709,41.818450927734375,2791200
2022-02-24,42.01416573563033,43.41625933521796,41.10864579184983,43.15336608886719,2447900
2022-02-25,43.13389146549171,43.74730903125304,42.58863470862216,42.75415802001953,2040700
2022-02-28,42.160217481390944,45.39282514047235,41.34232857281111,44.76967239379883,5534900
2022-03-01,44.41914701894322,46.78518260287305,44.156253763586214,46.53202819824219,4212900
2022-03-02,46.736490796213566,48.97594690400895,46.08412906170538,48.158058166503906,3517100
2022-03-03,48.5085902561972,49.005167630900786,46.29542348394674,48.216487884521484,2072200
2022-03-04,47.87570087540457,49.69647971342555,46.979919732785696,49.65753173828125,2544600
2022-03-07,49.71594338860535,51.19593270855006,48.55726551124434,50.29041290283203,2726900
2022-03-08,49.83278464119331,53.863806461608554,49.51146947745571,50.94277572631836,3873700
2022-03-09,51.05962596850908,52.26698721108911,49.258324812814074,49.97884750366211,3050600
2022-03-10,49.23884699603527,50.28068111858217,47.97306760282048,49.9691047668457,2692700
2022-03-11,50.066471705848734,50.47541799482665,47.01886523933825,48.021751403808594,3034100
2022-03-14,50.49489069394435,50.49489069394435,47.31096640276402,49.60884475708008,2916600
2022-03-15,49.9885711015673,50.23199032124492,48.58647773336592,49.93988800048828,2117400
2022-03-16,50.348842745407204,51.020682332167944,49.02464127419097,50.407264709472656,2989800
2022-03-17,50.514368649771754,51.3225187059333,49.569900680524924,49.647796630859375,2244600
2022-03-18,49.316739176892625,50.05673202721424,47.59333052360933,47.719905853271484,9663900
2022-03-21,47.622540060754964,48.12885252668664,47.320698865406406,47.924381256103516,2452000
2022-03-22,49.02463282102197,50.679884374632245,48.69358251029991,49.79383850097656,3841900
2022-03-23,49.365429382322006,50.40726357520356,49.365429382322006,49.647796630859375,2396200
2022-03-24,49.832784792512605,51.195933958833685,49.430654265592,51.0304069519043,2335200
2022-03-25,50.864882199160164,52.40328974883017,50.66040723008368,52.38381576538086,2441200
2022-03-28,52.94855498887609,55.35353459361105,52.62723980397673,55.285377502441406,3127000
2022-03-29,55.49959469266123,55.87932816732568,53.191981005965715,54.847232818603516,2201300
2022-03-30,54.69143884519581,56.26879836152075,54.23381315130391,55.98643112182617,1934100
2022-03-31,56.80431802509042,57.52484066089408,54.31170349350406,54.76933288574219,3817600
2022-04-01,54.87644064676535,56.76537283875416,54.23381392460147,56.49274444580078,2156500
2022-04-04,56.82379154731074,57.15484188306556,56.01563783691869,56.843265533447266,1885100
2022-04-05,57.10616350521667,58.73220248233628,56.911427342003634,57.44694900512695,2143100
2022-04-06,57.34957985284615,58.49851907143561,56.833528489534594,58.031150817871094,2559400
2022-04-07,58.18693726561337,59.462455503004044,57.787729834717524,59.30666732788086,3925800
2022-04-08,59.60850947025378,63.19164126815752,59.29693311515633,62.334800720214844,4762100
2022-04-11,62.49059127094533,62.9599057921657,58.81982846980544,59.08272171020508,3487700
2022-04-12,59.39429610572242,61.54612135189528,59.27745590748088,60.24139404296875,2553000
2022-04-13,60.406924621959625,62.850856079192795,60.124557388142016,62.51006317138672,3405700
2022-04-14,62.43217210026848,63.016376816295626,60.5442094796464,60.90349578857422,1860100
2022-04-18,60.650346396583735,62.48085663849325,60.650346396583735,61.643497467041016,1216800
2022-04-19,61.955064108022235,65.12924926615895,61.224806410379344,64.95398712158203,2078800
2022-04-20,66.03477490808467,66.87213773587771,63.35229740409656,63.68821716308594,2182800
2022-04-21,63.28900931329117,64.55479247098359,60.51403115988323,61.02033996582031,2493700
2022-04-22,60.85481251890392,62.759325979494626,60.65034124026832,60.78665542602539,2030500
2022-04-25,60.7184942624208,61.185858745518686,57.87535568072187,60.630863189697266,2261600
2022-04-26,60.173233827043184,60.582180071081176,58.33298501457906,58.37193298339844,2136500
2022-04-27,58.43035143756261,59.579290521987005,58.15772308338826,58.50824737548828,1991600
2022-04-28,58.63483217371754,59.73508454780992,57.25220885406534,59.69614028930664,3354600
2022-04-29,59.881138096681866,60.231662426167254,57.59299853317232,57.65141677856445,2578400
2022-05-02,57.739042427521255,58.41088190057389,55.40221997465912,56.667999267578125,2488200
2022-05-03,56.911424646004996,58.85877875731888,56.911424646004996,58.12852096557617,2224200
2022-05-04,58.53745928755126,60.65520598668439,58.26775034675563,60.18297576904297,2628900
2022-05-05,59.60850734715709,60.35823908562034,57.612466518411146,58.57640838623047,1946800
2022-05-06,58.67377097722743,59.61823880093178,57.15483732260673,58.683509826660156,2861000
2022-05-09,58.97561155098158,58.97561155098158,55.0809038179042,56.10326385498047,2193700
2022-05-10,56.71668822688407,58.294044009675375,55.24156808874484,55.53853988647461,2156200
2022-05-11,55.60668984127382,57.4761477564433,55.04195544130634,55.85984420776367,1877000
2022-05-12,55.93891232179871,56.46599048884682,51.810111626555965,52.19078063964844,3785600
2022-05-13,53.22542089451522,54.563623180051906,52.34695476478682,53.30350875854492,2317500
2022-05-16,53.11804700353177,55.763215438321616,53.03996287019772,55.23613357543945,1631900
2022-05-17,55.48992034984531,58.057001329735854,54.640735253442685,57.90082931518555,2215100
2022-05-18,57.9984317813423,58.81345803810917,55.56800472500151,55.909629821777344,4609100
2022-05-19,55.76321848210714,56.13412465169888,53.60608786407041,55.86082458496094,2181100
2022-05-20,56.13412663234562,57.52991554832224,54.162456476404294,55.29470443725586,2266200
2022-05-23,56.12436907534027,56.21221606283035,54.523605057462674,55.24589920043945,1581800
2022-05-24,55.19709568478866,55.98771856559417,53.752503687469506,55.421592712402344,1682300
2022-05-25,55.51920245368375,57.92034845653208,55.51920245368375,57.75441360473633,1974700
2022-05-26,57.764176813018494,61.53475731220785,57.754413968092074,60.975467681884766,3260100
2022-05-27,60.90713706978898,65.04569676128389,60.516705224130654,65.00665283203125,2793800
2022-05-31,63.972021062114905,64.80168416143839,59.90178226137903,60.59479904174805,7389300
2022-06-01,60.8876185151572,62.39077264122722,60.66312149453268,62.127235412597656,2008600
2022-06-02,62.16627617385307,62.58599285540929,60.49718718602911,62.2248420715332,1758500
2022-06-03,61.74656537287435,64.24532124300778,61.60991533028105,63.610870361328125,1793500
2022-06-06,64.0012995399762,65.33852626809387,63.8207278727987,64.80168151855469,2033200
2022-06-07,63.95248326388889,65.10425300800598,63.602078365950206,64.95784759521484,2721700
2022-06-08,64.85048859466588,64.8797696817092,61.61967585506306,63.220436096191406,1922200
2022-06-09,62.72264397335416,62.91785618878107,59.696806229590536,59.745609283447266,1811000
2022-06-10,58.41813934817544,59.59919398105014,57.793451386931864,58.35957717895508,1540800
2022-06-13,56.87594756883685,57.57872346306208,53.87939462036501,54.15269470214844,2113200
2022-06-14,54.689530221559906,55.12876511109547,52.04436548731704,53.137569427490234,2330400
2022-06-15,54.36742747775716,58.130199563368535,54.347905513267136,56.8076171875,3891700
2022-06-16,54.982353666039074,56.95402357946094,54.73833470687526,56.86617660522461,4837000
2022-06-17,57.14924544550727,58.0765183316234,54.15757403491122,56.71001052856445,6478700
2022-06-21,56.71001107360308,59.48206691408699,56.71001107360308,58.93546676635742,4363600
2022-06-22,57.86177823176216,58.98426700751821,57.456709562573174,57.793453216552734,3233400
2022-06-23,58.44742578180601,59.7651267539885,56.4074270072003,57.24685287475586,2667600
2022-06-24,57.43230241659732,58.89641617257097,56.59287660075634,57.86177444458008,6473700
2022-06-27,57.70560252319834,58.438634941656574,57.02234869163688,57.9984245300293,1718900
2022-06-28,58.40838268844851,59.45278361579566,56.446471744800675,56.69049072265625,1401700
2022-06-29,56.57336625789918,56.76370078739755,54.97260215163874,55.93891906738281,1412200
2022-06-30,55.53871820279127,57.426447078705294,55.197089416012176,55.89010238647461,2424400
2022-07-01,55.3630292611813,56.70025227460463,55.265419431793376,56.22197341918945,1531900
2022-07-05,55.78274495875285,55.9974791470845,51.62465910845799,53.625614166259766,2696000
2022-07-06,53.81107538997865,55.851074548277566,53.254712321663916,55.402076721191406,1716600
2022-07-07,56.19269250599677,58.4669512714113,56.19269250599677,57.69585037231445,1872100
2022-07-08,57.52991039648845,58.379099083657536,56.0462746283305,58.22292709350586,2096000
2022-07-11,58.2229293339033,58.70120444314433,57.01259357107903,58.408382415771484,1774700
2022-07-12,57.98867845486151,59.64800849809175,57.510399548146594,57.812984466552734,1808400
2022-07-13,56.758821280574274,58.8378604940309,56.758821280574274,58.38886642456055,1577200
2022-07-14,56.89546011943548,57.55919197115392,55.72416839737742,56.53430938720703,2608600
2022-07-15,53.64513429202356,55.290799177853835,51.380638344798186,54.32838821411133,5186100
2022-07-18,54.98236182993469,55.314224089176605,53.28398798366557,53.49872589111328,2583100
2022-07-19,54.11364947743476,54.172215375033296,52.87403257068945,53.68417739868164,2326200
2022-07-20,53.840343412281165,54.020918783878074,52.093166757696544,52.77642059326172,2803600
2022-07-21,52.57144723869257,53.54264169204135,52.03460625197167,52.8642692565918,1816800
2022-07-22,53.47920023105366,54.26981933853433,52.14197354776681,52.708099365234375,1503100
2022-07-25,52.68857622964536,53.742739980779845,52.09316933947874,53.6451301574707,1847700
2022-07-26,54.07460840372211,55.31422156719428,53.57680759068708,54.17221450805664,1993500
2022-07-27,53.71346571165633,54.426000806172596,52.883802529620425,54.20150375366211,1557200
2022-07-28,61.08284266138669,64.36245887453964,60.70216986382434,63.04475021362305,8460600
2022-07-29,62.3224449400985,65.00665367433575,62.11746989401729,64.51861572265625,3895200
2022-08-01,64.46981941295316,65.00665671680501,62.595747931172994,63.737762451171875,2735200
2022-08-02,63.737772261394696,65.1921235641907,63.435183606748126,64.26484680175781,1722900
2022-08-03,65.03593690004564,65.76799385165435,63.97201770487114,65.56301879882812,2286700
2022-08-04,63.94273941601357,66.73431730937178,63.94273941601357,65.84608459472656,2425900
2022-08-05,68.09105283240312,74.16224576197654,68.08128998885883,72.5224380493164,4216800
2022-08-08,75.16761732175523,75.7727796956981,73.17642132252479,74.07440948486328,3183600
2022-08-09,73.93775124002849,74.93334540584642,73.22521253891507,73.9084701538086,2945700
2022-08-10,74.23057768720645,75.35305905271935,73.69373294528155,75.27497863769531,2134600
2022-08-11,75.27497246428973,78.14463040824184,74.84549670597173,76.94406127929688,2540200
2022-08-12,77.883751635269,79.86873490856232,77.28727787351336,79.6927261352539,2170800
2022-08-15,78.47044527948108,80.6021037798742,78.47044527948108,79.39937591552734,1980100
2022-08-16,79.30160496411222,80.28921028997195,79.10604295077148,79.59495544433594,1878800
2022-08-17,78.63669058067092,79.64384921223271,77.34596178271185,77.93265533447266,2502200
2022-08-18,77.6588683092872,80.32344023731233,77.6588683092872,79.79052734375,1939600
2022-08-19,78.52912484449978,79.47761630603091,78.07932623123803,79.04737091064453,1704000
2022-08-22,78.9593644949154,78.9593644949154,77.75663652723628,77.88375854492188,1724600
2022-08-23,78.48999485870908,79.09624893154779,77.83485402109694,77.98152923583984,1065800
2022-08-24,77.89354420745038,79.02293090515029,77.55129948433044,78.58779907226562,1430200
2022-08-25,78.23576994354707,80.99323577874964,77.99620016470251,80.90522766113281,1551700
2022-08-26,80.90523174362997,81.38437132549657,78.81268701289645,79.03759002685547,1641000
2022-08-29,77.88376461460116,80.17187158871201,77.39485210284624,79.20382690429688,1191200
2022-08-30,79.77096305200759,79.77096305200759,77.22861961539053,77.9228744506836,1802800
2022-08-31,78.48022973451732,80.56299411693531,77.80552815617665,79.78073120117188,3016500
2022-09-01,79.7807242339657,81.10079372156208,79.36026671921033,80.69010162353516,2421100
2022-09-02,80.74878022810854,81.8341664396724,79.1647012398287,79.27226257324219,2232200
2022-09-06,79.88829552278528,80.86612047390976,79.282048827624,80.43588256835938,2013300
2022-09-07,80.76834080989397,82.58709584595555,79.87265278172418,81.06169128417969,1759100
2022-09-08,81.03235668246444,84.04405187320874,81.03235668246444,83.88760375976562,2184400
2022-09-09,84.58185278241858,85.8628009979828,83.540466889795,85.5694580078125,1905300
2022-09-12,86.59616995758293,86.69395841485004,85.5205640695515,86.17570495605469,1733800
2022-09-13,84.97299650820537,86.07793610524752,83.8680494509503,84.46452331542969,1974200
2022-09-14,84.46452257883936,86.56684786480078,84.34718835092431,86.09749603271484,3600300
2022-09-15,85.93125123691343,86.30282948084589,84.39606641176175,84.87520599365234,3631800
2022-09-16,84.6894165295285,84.93387275840713,83.01048834455035,83.67247772216797,6245600
2022-09-19,83.50625482926226,87.7108977694116,83.35957959014033,87.3784408569336,4407400
2022-09-20,86.44950622262863,88.1802530778556,85.61834905837846,85.80413818359375,4626000
2022-09-21,86.82107644930937,88.09224438246586,85.2956719454367,85.34455871582031,2155100
2022-09-22,86.04859847624776,86.04859847624776,82.75332559892402,83.4866943359375,1863300
2022-09-23,81.92705467609939,82.46974027980161,80.33319547314419,81.99060821533203,2678800
2022-09-26,81.81461415619843,83.06622893497642,79.83941098222928,81.08124542236328,1973300
2022-09-27,81.83417376525455,83.52092033901475,81.2376999393711,82.10796356201172,1777800
2022-09-28,82.24486479367876,83.6333745614198,81.33548720715847,83.13468170166016,1564300
2022-09-29,83.1640079531137,84.29828091994204,80.25008656588561,81.19857788085938,1823700
2022-09-30,81.43326128541017,82.57731469549333,80.39676921749337,81.34526062011719,3267800
2022-10-03,83.14445626907545,84.98277199303982,82.01018317958973,84.66986083984375,2026700
2022-10-04,86.34194014670135,87.48109957032705,85.2272203769794,87.35887145996094,1679100
2022-10-05,85.735681155905,87.48598849199395,83.69202338754206,86.21481323242188,1766700
2022-10-06,86.27348493303833,87.91524613894168,84.04403813417895,84.3667221069336,1677300
2022-10-07,83.80938261371013,83.84849651022324,81.52127561928963,82.5186538696289,2017200
2022-10-10,83.06623469424467,83.73115602409833,82.06885642957072,82.84133911132812,982800
2022-10-11,82.53820796307238,83.428024792064,80.71945295148419,81.04212951660156,1534200
2022-10-12,81.26702728093886,81.73637905086042,79.8687373885189,80.33809661865234,1878400
2022-10-13,78.77356230489202,82.45018558593732,77.54150844694756,81.96127319335938,2746500
2022-10-14,82.34264987708862,82.88045666030439,78.92026206444048,79.45806884765625,1693300
2022-10-17,81.37459457978468,84.37651691650576,81.29636679232708,83.30091094970703,1678900
2022-10-18,84.58185631956994,85.46190024730733,82.63598680061496,84.59163665771484,1598900
2022-10-19,83.20313963161631,84.31786718207711,82.68489348828221,83.78984069824219,1325800
2022-10-20,84.45473593024052,84.80675347701742,82.31329709738293,82.68486785888672,2076500
2022-10-21,82.82176860540615,85.5205675016681,81.80483724296582,85.34455871582031,1749200
2022-10-24,85.62617402182876,85.76502349043756,83.67247874253535,85.63790893554688,1325000
2022-10-25,85.55968661754024,86.59617871958183,84.82631787510418,86.19527435302734,1647200
2022-10-26,87.69133846913437,87.69133846913437,85.39345141633729,86.81129455566406,1370100
2022-10-27,87.81357274678237,91.07461816429364,87.81357274678237,90.97683715820312,3345800
2022-10-28,90.83015155813098,93.13977342312535,89.78387924586237,91.67108154296875,1958000
2022-10-31,92.0524415203779,93.30405628074868,91.30440601968422,92.44357299804688,2276600
2022-11-01,93.12805040508275,94.10587539976925,91.9204359398279,93.40184020996094,1467400
2022-11-02,92.58046419905277,94.1547629251477,90.9181648106081,91.02571868896484,1966100
2022-11-03,90.11634601003102,93.33338335337608,90.11634601003102,92.31645202636719,1484400
2022-11-04,92.98138425627988,94.07655104309924,90.68839068609194,92.22846221923828,1974300
2022-11-07,92.95203256890437,92.95203256890437,90.89860177178242,91.42662811279297,2120300
2022-11-08,87.57399605425798,91.0403910102541,84.17116956453016,85.59879302978516,4345400
2022-11-09,85.07077999489744,87.92602737209111,84.41563899688214,85.41301727294922,2241500
2022-11-10,88.49315860464036,93.71474029389067,86.24415821955348,93.03026580810547,4885600
2022-11-11,93.17694515940177,93.7440854499391,89.57366242112163,90.26302337646484,3133200
2022-11-14,90.09751945568753,92.76127340027224,90.09751945568753,91.97781372070312,1997000
2022-11-15,92.55561393522532,92.79064884287789,90.73407658976178,91.56649780273438,2537200
2022-11-16,92.35974500189172,92.56540147940859,89.39240408516616,89.78413391113281,1384600
2022-11-17,88.55999020823917,89.56868955028494,87.03225197924758,88.18785095214844,1792500
2022-11-18,88.25639546310497,91.50774030413591,88.1643375721126,91.37063598632812,2515700
2022-11-21,92.12470920819884,92.27160882547544,90.84180132534127,91.45877075195312,1744800
2022-11-22,92.60457523010838,94.36735571154445,92.14429324486535,94.27921295166016,1567600
2022-11-23,94.0441907658493,95.86572835252069,92.46258950460336,94.62199401855469,1135900
2022-11-25,94.60238552609353,95.43480669188617,94.01479455445312,95.15081024169922,631700
2022-11-28,94.0833574218153,94.59260099611704,92.42830272999008,92.84941101074219,1590100
2022-11-29,92.73188225659781,93.14319516975064,91.39021016755257,92.47725677490234,1436200
2022-11-30,92.19325814660603,94.93535933457754,91.82111893791154,94.13231658935547,3361800
2022-12-01,94.99411405181495,95.75798305182323,91.93863058015732,92.51643371582031,1748600
2022-12-02,91.06704001310088,91.55670041801085,89.15736742260194,90.13668823242188,1848700
2022-12-05,89.12799882020882,89.71558987655825,87.94302140627686,88.19763946533203,2397000
2022-12-06,88.00177469335513,89.00067870138346,87.94301783159621,88.90274810791016,1237500
2022-12-07,89.00067453033809,91.27269856191637,88.71667059243768,90.0681381225586,1237200
2022-12-08,90.4206953686408,91.06214932634792,89.04964469197385,89.51972198486328,1002400
2022-12-09,89.47075543157895,89.96041586740344,87.83529136911527,87.86466979980469,1384600
2022-12-12,88.11930375395119,89.03986038071882,87.2281180890593,89.00068664550781,1554100
2022-12-13,90.07793471366764,90.79283474722547,88.52081068309118,88.96150207519531,1629900
2022-12-14,89.64702431157247,90.38151489013083,88.02134824465016,88.9712905883789,2561600
2022-12-15,88.93212425907478,88.97129798978499,87.58066417188601,87.84507751464844,2245100
2022-12-16,86.32713707178462,86.76782847916235,84.15304352258707,86.3760986328125,3911700
2022-12-19,86.55237749076528,86.83638144520555,85.2009173535629,85.91582489013672,1238100
2022-12-20,86.18023216502635,86.29775335321817,85.32332644747638,85.74932861328125,1306600
2022-12-21,86.17045090674772,88.30537094123488,84.91692124826464,87.79612731933594,1409500
2022-12-22,87.28687450291203,87.52681082797406,84.74064150042344,85.52410125732422,1548300
2022-12-23,85.71015511601085,86.40547947516446,85.32822059288418,86.21940612792969,600700
2022-12-27,86.61114219844421,87.07142421377692,85.46533107479398,85.82768249511719,634400
2022-12-28,86.13126367670122,86.51319820119393,84.63290400805676,84.81897735595703,752000
2022-12-29,85.35760421600497,85.87664304273066,84.49579713317766,84.97566223144531,870800
2022-12-30,84.80918061174017,84.80918061174017,83.35978999773256,84.42724609375,1343300
2023-01-03,84.22159780806975,84.33911900642434,79.11933679094338,80.21617889404297,4030600
2023-01-04,80.2553352273982,82.00832032663777,79.60898739546678,81.68515014648438,2612200
2023-01-05,81.20528935693476,82.18461028252719,80.19169608419195,80.70584106445312,1906300
2023-01-06,81.89081373554026,83.39896877002651,81.36197956981455,81.7732925415039,1914100
2023-01-09,82.11605508417485,83.44793209152634,81.8516417315446,82.26295471191406,1301500
2023-01-10,81.67535899132531,81.76349427994207,79.8929953735891,81.36197662353516,1376700
2023-01-11,81.283627433746,82.63019355087131,80.73521016969129,82.37067413330078,1696200
2023-01-12,82.14543005448495,83.04641091323393,81.05838331528928,82.59591674804688,1496700
2023-01-13,82.07687485485083,83.932691977521,81.72431876483499,83.39896392822266,1366200
2023-01-17,82.19439811252238,83.26185423800804,81.28362943564355,81.64598083496094,2763600
2023-01-18,81.5970125055616,82.76240670201773,80.07906220717966,80.15740966796875,2084900
2023-01-19,79.91258277915531,80.09865613835929,79.08505543527502,79.16829681396484,1635500
2023-01-20,79.44251732351553,81.38156860013962,78.78636661543742,81.28363800048828,1795100
2023-01-23,81.21507009141327,82.54694690906202,80.85076115856461,82.4000473022461,1596200
2023-01-24,82.26295524052368,82.4882023340546,81.26405121440396,82.17481994628906,1176000
2023-01-25,81.69493713186137,81.83204144242086,80.78416851364494,81.67535400390625,1535200
2023-01-26,81.90060064094146,84.29014592468674,81.55783983506616,84.10407257080078,2161100
2023-01-27,84.1040750831578,84.86795165115939,83.08558046411444,84.78960418701172,1455100
2023-01-30,84.14324330119739,85.05401196526,80.54913767473651,80.69603729248047,3045800
2023-01-31,81.16612164038571,83.73194534543478,80.6764611412896,83.59484100341797,2509000
2023-02-01,83.68786647394533,84.09428553030297,81.16121684415883,83.643798828125,2623400
2023-02-02,83.71235220217056,84.88753427081552,82.02301770500854,83.5654525756836,2389600
2023-02-03,82.63508335823452,83.39895983014992,81.33259242083759,81.47948455810547,1807200
2023-02-06,81.29343118500853,82.11605716660895,80.80377072787714,81.53826141357422,1502000
2023-02-07,81.60680539741075,84.48600351599072,80.62748458132747,84.15303802490234,2032900
2023-02-08,82.99744188217552,83.24227209421733,82.40005556706348,82.59591674804688,2005900
2023-02-09,83.17371871780716,83.69275756428804,82.19439788395643,82.67426300048828,1975000
2023-02-10,82.46859909848345,85.20090487557081,82.42942537206068,85.01483154296875,1350300
2023-02-13,85.09319900115045,85.4947241876638,84.16284706266386,84.6035385131836,1173500
2023-02-14,84.14325302753056,85.79047006482566,83.38917919432949,84.28035736083984,2383100
2023-02-15,82.7526227650802,84.69657550705507,82.61551842568471,84.23139953613281,2030600
2023-02-16,83.24225310826782,86.1018675395034,83.16880705005696,83.85922241210938,3037600
2023-02-17,83.43813492300556,84.26076833695717,80.20638054320534,82.80158233642578,3570700
2023-02-21,79.92237888981082,81.29342963801305,78.24774105488451,78.70802307128906,5056000
2023-02-22,77.66993115489888,77.66993115489888,74.8201114792015,76.191162109375,3341000
2023-02-23,76.38702968279362,77.80214807484703,76.38702968279362,77.58180236816406,1584900
2023-02-24,76.39456092380858,78.04569793812752,76.14885605559635,77.90809631347656,1529100
2023-02-27,78.05551544792641,78.72383294413603,76.65500229295388,77.0235595703125,1326200
2023-02-28,76.4731787636661,76.65008656404042,73.12176834886917,73.60334777832031,3584800
2023-03-01,72.85640272899963,74.0947573287278,71.57874195000656,73.07262420654297,2594400
2023-03-02,72.85640244969595,75.41173899452048,72.72863862178163,74.87118530273438,1949900
2023-03-03,74.92032411634837,77.83929135609044,74.69427236125887,77.62307739257812,2304600
2023-03-06,77.01373166991503,77.52479447780739,76.02108193918725,77.44617462158203,2295000
2023-03-07,77.71153485370166,77.71153485370166,75.99160078871039,76.56163787841797,2203900
2023-03-08,76.41420446777424,77.10217501349508,75.77537039056683,76.72870635986328,1261600
2023-03-09,76.6992273971589,78.81229062118578,76.07022357674862,77.2889175415039,3110500
2023-03-10,77.8294824564909,78.40934239099751,75.91297983764643,76.21765899658203,2895700
2023-03-13,75.60829786532456,77.25452338411105,75.17585492343788,75.77537536621094,2242400
2023-03-14,76.16849762018303,77.74100703912998,75.84416544362374,76.59111022949219,2142800
2023-03-15,75.96211302061971,76.54197287273152,75.03826037670785,76.00142669677734,1957000
2023-03-16,75.30361896234857,77.68203991603312,74.723751664697,77.08251953125,1962900
2023-03-17,76.38472510597293,77.11200936376044,74.6795328440215,75.45104217529297,3896500
2023-03-20,75.73606790550802,77.08253331341275,75.58865097987271,75.6771011352539,1629500
2023-03-21,76.24713119191956,76.76802427651381,74.66479135099155,75.20533752441406,2045700
2023-03-22,74.95964067906458,75.01861494848183,73.12177299549856,73.14142608642578,1863400
2023-03-23,73.3871316519199,73.83922773066331,71.51977306697601,72.13895416259766,1655400
2023-03-24,71.31336737434137,72.25687302061355,69.93742632664213,72.17825317382812,2777200
2023-03-27,72.17826787827947,74.12916522345336,72.17826787827947,73.97682189941406,3225500
2023-03-28,73.78024934120492,75.49035293470381,73.5679569993763,74.21269226074219,1752200
2023-03-29,74.97929930917789,75.24465727050973,74.12916255533004,74.57633972167969,2299500
2023-03-30,75.37241167129089,76.10952611846618,74.69426398042854,75.50017547607422,1737800
2023-03-31,75.5001845510638,77.24960184957281,75.41173440596285,77.15132141113281,2984400
2023-04-03,76.65990735394146,77.2004609820458,75.16602527912386,75.30361938476562,1894900
2023-04-04,75.35277003322383,75.64761888555533,73.82940429169187,74.71393585205078,1316200
2023-04-05,74.57633347586375,75.79503493233936,74.37977259491838,75.18568420410156,1204800
2023-04-06,75.29380154424092,75.65744745404407,74.85153577415184,75.63778686523438,1223000
2023-04-10,75.21516817025869,76.04074037293498,74.55668096583162,76.00142669677734,1485500
2023-04-11,76.42403675444295,76.47317322423821,75.84908831945285,76.08987426757812,1371500
2023-04-12,76.59110914272003,76.61076222966459,75.34293191804309,75.49034881591797,1171100
2023-04-13,75.37242389552306,76.25695537693788,74.86135359687032,75.81468963623047,1324700
2023-04-14,75.00877159714328,75.31836208816088,74.20286003969122,75.11688232421875,1328400
2023-04-17,75.2643055975276,75.50509153287638,73.37729429589568,73.75076293945312,1093300
2023-04-18,74.04561147922777,74.64513192509575,72.89571455780249,73.20039367675781,1235200
2023-04-19,73.68195781639051,74.10457037916379,73.2229784231946,73.46573638916016,1039300
2023-04-20,73.45590836947332,75.25446938981132,73.40677190614743,75.15618896484375,1926900
2023-04-21,75.50019071896966,75.64269624160197,74.65496538236572,75.23483276367188,1178900
2023-04-24,75.11688714176908,76.00633750022052,74.30114523908883,75.96211242675781,1094300
2023-04-25,75.32328072009823,75.8146904364341,74.53702217463393,75.6082992553711,1722400
2023-04-26,75.195520563448,75.64761662474521,74.16355710944687,74.55668640136719,3100600
2023-04-27,74.95962466263585,75.91296058274192,74.67461366434081,75.43138122558594,1865700
2023-04-28,75.5788112609116,76.13901800342252,74.98912113695013,76.07022094726562,2233400
2023-05-01,76.18815323511633,76.31592455041499,75.44121592278297,75.72623443603516,1788300
2023-05-02,75.41172873663785,76.07021587283036,74.64512337847766,75.47069549560547,2554000
2023-05-03,75.87367421417153,76.26680357504516,74.84171807748704,75.1955337524414,1607000
2023-05-04,75.65744420275703,78.98920152264816,73.62300825080301,77.23977661132812,3830400
2023-05-05,77.76067496914052,79.06781909497417,76.9351027597706,78.12431335449219,2359300
2023-05-08,78.37000681516372,78.47811753517719,76.73853071932454,77.35770416259766,2360100
2023-05-09,76.64025371348846,77.74100655067703,76.47316873071549,77.59358215332031,3158300
2023-05-10,78.47814575633727,78.74351125482117,77.3921342670065,78.08993530273438,1629400
2023-05-11,77.50502213643219,78.46175367538783,77.16966944622014,78.03763580322266,2497400
2023-05-12,78.36312276875454,79.29026599780757,77.78119756755713,78.75765228271484,1991000
2023-05-15,79.52697366686061,79.9806799340537,78.0968127708177,79.1718978881836,2048300
2023-05-16,79.09300422901877,79.09300422901877,77.25844840333455,77.91928100585938,3709100
2023-05-17,78.00804136772534,79.52697499634202,77.63324249508904,79.2902603149414,2329500
2023-05-18,79.17190677910688,80.35549534928732,78.4735920059586,80.28645324707031,2849300
2023-05-19,80.61193881787793,82.09634774398268,80.41467029819691,81.17414093017578,2407100
2023-05-22,81.59825474929723,82.81142410314409,81.18399464125332,82.3873062133789,1908300
2023-05-23,82.21963717084067,83.40321818053583,82.0273050686396,82.89033508300781,2232200
2023-05-24,82.89033553039982,83.21582294358137,81.4207208050076,82.17031860351562,2430300
2023-05-25,82.06181428134244,82.06181428134244,80.77960290117935,81.61797332763672,1863100
2023-05-26,81.81523717216048,82.80155712613481,81.18399300361884,82.70292663574219,2267100
2023-05-30,82.71280751013191,83.88159446756777,81.997726913916,82.55499267578125,2198200
2023-05-31,82.38731076187827,83.39336140478227,81.3220833252827,82.87060546875,5214700
2023-06-01,83.71391443489559,87.9422710273086,83.63007813345713,87.66412353515625,3646900
2023-06-02,87.447141829988,87.83180605885687,86.07614999693807,86.34246063232422,3225600
2023-06-05,86.6186230061318,87.59507770935109,85.9873788015229,86.3128662109375,1819000
2023-06-06,85.94791657080614,88.66029633010407,85.94791657080614,88.324951171875,2311500
2023-06-07,88.32494565302454,89.63674533562842,87.91068559665268,89.56770324707031,2452100
2023-06-08,90.23842150886962,91.20304693634384,89.81430357583422,91.03734588623047,3075700
2023-06-09,91.03733924974793,92.48722333254555,90.83020542718099,92.0137939453125,2530100
2023-06-12,91.72775122070313,92.73379421340364,91.60939012302272,92.46749114990234,1720700
2023-06-13,92.67463673596932,94.02589799718565,92.30969558585316,92.9606704711914,2429900
2023-06-14,93.23683341658509,93.70040504555125,91.50090801610266,91.9250259399414,2573200
2023-06-15,92.43791810335794,92.46750650143441,91.688312743646,92.18147277832031,3712300
2023-06-16,92.30968367397885,93.22696155993518,91.4713131927342,91.6192626953125,4963400
2023-06-20,91.85597921416098,92.08283612596985,90.63294451686491,90.73157501220703,1846900
2023-06-21,89.63676179375355,89.78964771972505,87.9649496406152,89.261962890625,2684900
2023-06-22,89.26196036886434,89.44442716161055,86.66300505111764,88.02906036376953,3205600
2023-06-23,88.41371171646439,89.45920836086181,87.90082869987981,89.12386322021484,2875900
2023-06-26,89.01538358901445,89.95238461678366,88.46304677475257,89.39018249511719,1890400
2023-06-27,89.72552357400198,89.76990616402409,88.7490689683968,89.60716247558594,1472800
2023-06-28,89.65648979297892,89.65648979297892,88.48276658120115,89.311279296875,1605400
2023-06-29,89.27182392274219,90.09540020696875,88.90688281939225,89.62689971923828,1738700
2023-06-30,90.79075979675393,91.02747449179834,89.7945744811147,90.29759979248047,2666400
2023-07-03,89.76498339375084,90.48499276439085,89.09428550704516,90.34690856933594,1089100
2023-07-05,90.16937262669558,91.9348863303388,90.10033052767152,90.87952423095703,2087300
2023-07-06,90.21869859304074,90.21869859304074,88.62085736025084,89.755126953125,2263300
2023-07-07,89.75512475935204,90.45541109348248,89.41977955358176,90.08061218261719,1334000
2023-07-10,90.12991797870617,92.34913795624348,90.12991797870617,92.31954956054688,1539300
2023-07-11,92.55627740908476,93.13821019893564,91.5896878954703,93.06916809082031,1260900
2023-07-12,93.64122181815374,94.84453340429769,92.79298602874158,94.74589538574219,1532600
2023-07-13,94.53877274186763,94.7557643510287,93.58204111512539,93.96670532226562,1462400
2023-07-14,93.591905502638,94.22808612551981,93.40351651380585,93.70040130615234,1259900
2023-07-17,93.1776515170764,95.59413250481225,93.1776515170764,94.8642578125,1951400
2023-07-18,94.68671700610952,95.32782649084322,92.6055812699108,94.06533813476562,1925300
2023-07-19,93.53272778543429,94.23301408527216,92.64503827682837,93.43409729003906,1785300
2023-07-20,94.19356047285396,95.98866258086443,93.93711516455976,95.56454467773438,1600300
2023-07-21,96.24510025718332,96.80730231442352,94.99246973621162,95.27850341796875,5081100
2023-07-24,95.27850612383634,95.48563241133093,94.45000097385797,95.22919464111328,1077800
2023-07-25,94.63739865454713,96.81717242277658,94.58808717077868,96.18592071533203,854800
2023-07-26,95.34755211392297,96.89607420512525,95.34755211392297,96.00838470458984,1243000
2023-07-27,96.39305109107417,96.41277417887261,93.89765532071853,94.1146469116211,897900
2023-07-28,94.94316557886116,95.33769508499572,93.95684557603698,94.4302749633789,1135900
2023-07-31,94.528903153789,95.36728115576719,94.09492748014446,95.32782745361328,1170200
2023-08-01,94.92343592147526,95.76180642732042,94.75576332531114,94.98262023925781,1469600
2023-08-02,94.67684980609083,94.7113746163205,93.13819309351896,94.24287414550781,2040300
2023-08-03,94.65712862832056,102.15710200033617,94.4500023378348,99.75640106201172,3511000
2023-08-04,100.52573391306564,103.2726387611215,100.39751502039198,102.51810455322266,2723600
2023-08-07,103.1493511712403,103.21839327275956,101.36904320525319,102.33070373535156,1759800
2023-08-08,101.55149980716195,103.49455128699158,101.55149980716195,103.37619018554688,1207300
2023-08-09,103.1887939635203,104.45128227209318,102.88105811141692,103.67208862304688,1646700
2023-08-10,104.5203303021044,105.38828918228437,103.67209451066803,104.27375030517578,1563700
2023-08-11,104.27574123712742,105.53864111409975,103.83070557887005,105.38336944580078,1414100
2023-08-14,105.2844661164884,106.41187761512109,104.54571287237025,105.8185043334961,2404000
2023-08-15,105.21523209831184,105.40807859016007,104.45373782272266,105.06688690185547,1709600
2023-08-16,105.22513977638239,105.27458315261276,103.84059697436066,103.93949127197266,1835200
2023-08-17,104.31528297662624,104.97293334269385,103.41532766280736,103.66256713867188,1800600
2023-08-18,103.37577323751482,104.37462287899254,103.35599739839414,103.61312103271484,1660800
2023-08-21,103.44501046604896,105.28051938249007,103.12854419202301,104.93833923339844,1377000
2023-08-22,104.49330426956772,105.36852665338887,104.3449590628546,105.08667755126953,1276900
2023-08-23,105.76905427542684,108.05355236870955,105.76905427542684,107.24260711669922,1393500
2023-08-24,107.69752767138898,109.03261946189221,105.66026906139851,105.73938751220703,1498700
2023-08-25,105.64048817688612,106.25364482364756,104.40429073634722,104.70098114013672,1383800
2023-08-28,105.13117811643673,106.16463739225021,104.06805130851767,104.20650482177734,1088000
2023-08-29,104.06805160018384,104.99766697108267,103.64279936679426,104.37462615966797,1131500
2023-08-30,104.17683349854352,105.09458792318657,103.92959399522043,104.57241821289062,1167400
2023-08-31,104.78008515652543,104.91853865715545,102.6241566600937,103.00985717773438,2035500
2023-09-01,104.4636270607839,106.22397857529961,104.0383748342962,106.10530090332031,1338800
2023-09-05,105.37348446284116,105.55149721570362,103.98993008262715,104.8790054321289,1433200
2023-09-06,105.15590407760483,106.59978182646572,104.81965444011634,105.46247863769531,1337800
2023-09-07,106.66900760495567,109.72983373957784,105.99651588129804,107.34149932861328,1951100
2023-09-08,107.03492270278412,108.44913287909418,107.03492270278412,107.44039154052734,1428100
2023-09-11,107.59862384444733,109.17798975064528,107.45027864861622,108.76559448242188,1820700
2023-09-12,108.33045812343003,108.87933010458603,106.9558071337151,107.30194091796875,1557100
2023-09-13,107.57885869852933,108.87439136843957,107.3118433368869,108.06344604492188,1894600
2023-09-14,108.54802491019032,111.37644520404459,108.31561919217029,111.21820831298828,2308300
2023-09-15,111.21821079726668,111.43578275475386,108.58758655847261,108.71614837646484,4287700
2023-09-18,109.21062972617806,111.0105329429119,109.19085388649991,109.51720428466797,1358500
2023-09-19,109.86333457453165,110.1501332842246,109.08206443710128,109.31941223144531,1972100
2023-09-20,109.70510983762114,109.95234933445656,108.69637601039888,108.9139404296875,924500
2023-09-21,108.41946920182833,109.41831895323071,108.30079906374371,108.7260513305664,1443800
2023-09-22,108.25134707502528,109.51721216978326,107.4156763168832,109.14141082763672,1210500
2023-09-25,108.5084595221796,111.67312171199298,108.28594550878098,110.97096252441406,2115200
2023-09-26,110.42704016829381,110.48142560818539,106.7382239671911,107.29203796386719,2309700
2023-09-27,107.7766472515114,110.06113784020225,107.7766472515114,109.527099609375,2819500
2023-09-28,109.54687828445034,109.75456611166096,107.63324689999686,108.1128921508789,1550700
2023-09-29,108.8249327759332,109.48753278582818,107.44039014895766,107.87553405761719,2867500
2023-10-02,107.10415774884943,107.10415774884943,101.62532935304746,103.57357788085938,2892500
2023-10-03,102.07034664700033,103.7614637952073,101.27423521468666,103.73179626464844,2557000
2023-10-04,103.4845574276478,105.42291406945138,103.07413898034356,104.98777770996094,1973900
2023-10-05,105.79873317840226,107.30194606142399,105.43281599170804,106.68878936767578,1589200
2023-10-06,105.3734757818069,109.35897523378411,103.96914971596246,108.95349884033203,2095800
2023-10-09,108.95350058549108,110.25595959389476,108.75571200439312,110.15013885498047,1258400
2023-10-10,109.73477550606043,112.23683796431077,109.73477550606043,111.75225067138672,1464400
2023-10-11,112.65220538458152,113.90620185050035,112.05882456962043,113.79939270019531,1353300
2023-10-12,113.64116144227619,114.8773588774494,113.1961258385236,114.44221496582031,1299700
2023-10-13,115.48062392452711,116.09378060919389,111.74236384046232,112.43463897705078,1699400
2023-10-16,113.50270419633125,115.82676148855582,113.34447484279823,115.53996276855469,1701700
2023-10-17,114.76857777358914,116.68715114375463,114.43232813346383,115.85643005371094,1214600
2023-10-18,116.03444213949892,117.33491675849555,114.53122177768029,114.7883529663086,1050700
2023-10-19,114.71912473375723,115.32238970019334,112.8499947705865,113.02800750732422,981000
2023-10-20,112.85000570462127,113.52249749243806,110.68418512199119,110.86219787597656,1654400
2023-10-23,110.59517852955283,111.78192514989411,109.17997982720365,110.87208557128906,950800
2023-10-24,112.00938236502844,114.02685753951651,112.00938236502844,113.00822448730469,1930900
2023-10-25,112.96867320032659,113.00822487973281,110.43693564474475,110.79296112060547,1575000
2023-10-26,110.76329086267658,111.78191634820749,109.91278641851186,111.475341796875,1652700
2023-10-27,111.75225837794028,112.1082838754998,108.67956351820159,109.55677032470703,1128700
2023-10-30,110.6248423390668,111.97971751355077,110.27375892965921,111.78192138671875,1271600
2023-10-31,111.87092233127096,112.25661531544057,109.94244986527279,111.67312622070312,1942000
2023-11-01,112.33573605859986,114.10597179127112,111.58413340802888,113.58182525634766,2751300
2023-11-02,113.64115798894859,116.59814005138406,113.11700395443684,115.89598083496094,1894600
2023-11-03,117.33986095729585,117.35963679620735,115.55973364924941,115.77730560302734,1853200
2023-11-06,117.67610566862443,124.23685543789601,116.75637446307374,123.35272979736328,2530800
2023-11-07,123.06593988065562,123.59404008936203,117.34976366458599,118.54640197753906,2271500
2023-11-08,119.09031640819953,120.13861698245093,117.65138075739749,119.84192657470703,1730200
2023-11-09,120.24738757122493,122.98186310926232,119.18920291887024,119.29798889160156,1603200
2023-11-10,120.108948773776,121.36987176106548,120.03576835494536,120.4254150390625,1219700
2023-11-13,120.03971928972237,120.88627011409791,119.57491536778075,120.37596893310547,891600
2023-11-14,122.68023554696025,125.31085974542385,122.01762799245769,125.12295532226562,1433300
2023-11-15,125.18230355774176,125.83501190439266,120.34629961448726,120.64298248291016,1982200
2023-11-16,121.9236797171725,122.74641855793818,120.44672018610333,120.60531616210938,1474500
2023-11-17,121.13067672019314,122.4391256587985,120.53592857766941,120.6251449584961,1487900
2023-11-20,121.37848678033367,121.77498805539315,120.41698120880292,121.20997619628906,1041600
2023-11-21,121.82455970545061,122.10210834322442,120.78374475116568,121.43797302246094,984700
2023-11-22,121.82455773865729,122.75632707005023,120.90764898122676,122.17149353027344,1376700
2023-11-24,121.99306561642402,123.21230572857893,121.97324395561508,122.77615356445312,532500
2023-11-27,122.84554240880493,124.28285106013465,122.29044514693409,124.00530242919922,1073200
2023-11-28,123.88634567495959,125.39304134218494,122.67702027175687,123.36097717285156,2003000
2023-11-29,122.4688685471377,122.85545521492038,118.71203234760476,119.52485656738281,2078800
2023-11-30,119.53476816853241,120.79365921166917,119.46042748444816,119.9808349609375,2650000
2023-12-01,119.56450841344116,119.88170792706158,118.60299526078877,118.83097839355469,1454900
2023-12-04,117.95868104113393,118.50387124746965,117.01699711669906,117.87937927246094,1946900
2023-12-05,117.6662593486641,117.89920355773859,114.87093640240276,117.27471160888672,1805900
2023-12-06,118.29569126838932,118.62280536192357,111.2380008874501,111.6444091796875,2629800
2023-12-07,112.26890398169644,112.4473291679696,108.4922387993532,109.56278991699219,3497000
2023-12-08,109.02752142323732,110.63334820375457,108.69050025101123,110.23684692382812,2627300
2023-12-11,110.57388274060536,115.28231778003943,109.70157835637221,115.13362884521484,2582900
2023-12-12,115.1435361990627,115.38143394220523,112.85374489742973,113.48814392089844,1846200
2023-12-13,113.58726057443329,115.72836282289038,112.53653867248626,115.41116333007812,1731100
2023-12-14,115.6193326241775,116.77909263937664,114.36044917875016,114.58843231201172,2456400
2023-12-15,114.65780393833491,119.81230480095519,114.5983314007805,117.71085357666016,5714900
2023-12-18,118.52368269308543,120.47644509321543,117.869462064501,118.31552124023438,2019800
2023-12-19,118.7219378465941,119.99074343693559,118.21144500829932,119.75283813476562,1012700
2023-12-20,118.78141455183662,119.0738313027512,115.97617700247152,115.98609161376953,1324300
2023-12-21,116.46188742061591,117.39366425691388,115.78783754039382,117.27471160888672,904600
2023-12-22,113.99368664801071,116.94761333392643,113.02225886032126,114.32080078125,1188400
2023-12-26,114.57852147176027,116.80883275715784,114.57852147176027,116.54119873046875,740700
2023-12-27,116.25372752114066,116.72953055701213,115.85722625168655,116.39250183105469,541300
2023-12-28,117.67121789851475,117.74060505550251,115.92661679943754,116.08522033691406,559700
2023-12-29,115.70853813330136,116.24380611876668,114.91553564072002,115.86713409423828,849900
2024-01-02,115.3814315463779,116.20417036251024,113.96394460342235,114.24149322509766,1362800
2024-01-03,114.48929928834245,116.1407210592655,114.48929928834245,114.83623504638672,1372400
2024-01-04,115.19309301763161,116.08422829417302,113.99368213916159,114.35053253173828,1348900
2024-01-05,114.1027301469733,116.6324007980721,114.1027301469733,115.22283935546875,1729900
2024-01-08,115.17326693844853,116.13478003919057,114.02341403700743,116.00591278076172,1351700
2024-01-09,115.42107653061599,115.90678659372287,114.16218562326063,115.47063446044922,1514000
2024-01-10,115.00474561991788,115.41116148122141,113.95897725897795,114.83623504638672,1090500
2024-01-11,113.9936818128376,114.2811450484033,110.50448722751614,111.9219741821289,1609300
2024-01-12,112.94295986138785,113.41875534170619,111.75345603532638,111.9219741821289,1556900
2024-01-16,111.38669353042695,111.84762085369313,110.32605701559284,110.83158874511719,1417000
2024-01-17,110.25667112672745,111.01992981665866,108.48233384089174,110.94062805175781,1484500
2024-01-18,110.3954458581199,110.92080681799949,109.28524383314027,110.43509674072266,1614900
2024-01-19,110.4747456748833,113.60709749599063,110.4747456748833,113.44849395751953,1684200
2024-01-22,113.45839812641961,116.3478908492764,113.32953843524704,116.18433380126953,1876700
2024-01-23,116.69979915624869,119.50502930599912,116.13478728154894,117.65139770507812,1929400
2024-01-24,118.09745844445925,118.47413051156047,114.33070752291461,114.65782165527344,1514600
2024-01-25,116.8682973254414,119.53475287612328,116.01582229804654,119.49510955810547,1425800
2024-01-26,119.01932022273073,121.33884785005341,119.01932022273073,120.20881652832031,1558800
2024-01-29,120.03038215337546,120.67667716380832,118.95487749829303,119.95108795166016,1801500
2024-01-30,120.26829391919053,121.2397141155187,119.64380194463239,120.8134765625,1285500
2024-01-31,121.70559977239463,123.09335044093504,120.30298096790754,120.93242645263672,1666100
2024-02-01,120.93242919556482,126.5825478624356,120.93242919556482,126.5131607055664,1937400
2024-02-02,125.89860345213732,131.90558067635703,125.3236769164213,128.57498168945312,3781700
2024-02-05,126.78080096353207,127.29624732881588,124.74873664938933,125.91841125488281,1878000
2024-02-06,126.64203324052994,130.34434301932237,126.07702135032937,129.86358642578125,2656900
2024-02-07,130.80529282938795,132.62918830936212,129.66534681045363,131.34056091308594,2087600
2024-02-08,131.39012983455424,132.7977023693485,129.03095108419615,129.57614135742188,1228700
2024-02-09,128.88226264440857,131.3504641889666,128.86243341957697,131.01344299316406,1245300
2024-02-12,130.66650824664748,131.03326569881702,126.84027724629277,127.38545989990234,1206900
2024-02-13,126.79071044921875,127.68282883142639,125.62103589101332,126.79071044921875,1503700
2024-02-14,127.17728709693783,128.3023495974515,126.57262442424333,127.5440444946289,1372300
2024-02-15,128.78312823487298,130.4682492945244,127.7026699518027,130.34930419921875,1348900
2024-02-16,130.11139919643307,131.49915752115976,129.34814799936316,130.0122833251953,1295700
2024-02-20,129.85368014082542,130.90440215551007,128.25776789438936,130.6466827392578,2121200
2024-02-21,131.13239458834587,131.4208485666055,129.00121413400475,130.25018310546875,983400
2024-02-22,131.24140551886813,132.88688304020425,130.49796851979917,132.22274780273438,1529900
2024-02-23,132.32188021142764,132.97609328245454,130.20060722291097,132.8175048828125,2052200
2024-02-26,133.50146063490885,134.01691455297555,131.76677420176128,132.0542449951172,1494700
2024-02-27,133.81867079837386,155.29904377001426,133.81867079837386,154.39700317382812,4888300
2024-02-28,157.09319322480152,169.48381013702038,155.1305237409802,169.3351287841797,8227500
2024-02-29,169.68207418004823,169.8069786293055,161.94041836871,166.97596740722656,4536900
2024-03-01,165.5782894178031,168.8196791183853,163.60571283608874,168.5024871826172,4554500
2024-03-04,171.44651231103052,175.48585081319652,168.13572763769008,174.4499969482422,3818200
2024-03-05,175.83772957485698,183.9560645399872,173.88496705667666,175.22315979003906,4323800
2024-03-06,175.22317275008277,179.22781394698015,173.47856400566815,178.4050750732422,2073600
2024-03-07,180.51361962468206,180.81158186276323,175.01131293540408,178.35838317871094,1967800
2024-03-08,178.35838610461408,178.6066854479235,167.31403616380808,169.40968322753906,3196900
2024-03-11,169.1514596272455,169.7970470793136,165.26805386085098,166.76779174804688,2601700
2024-03-12,165.43689671256118,167.90994851724636,163.08300859022378,167.22463989257812,2617000
2024-03-13,170.0751210507129,170.14463698518313,165.30777070100686,166.71810913085938,1639000
2024-03-14,166.7082054136647,167.24452539217643,162.15935907298868,163.52003479003906,3012300
2024-03-15,163.06313175859538,167.24449922182566,161.56340923327414,164.39402770996094,4530900
2024-03-18,166.5492810330855,169.91621974635692,165.05948487402753,167.6914520263672,2006800
2024-03-19,167.85036058745408,172.82627410528588,167.11538905571274,171.23716735839844,1922200
2024-03-20,171.74369545245665,175.56751156819746,171.47652813592092,174.5147247314453,1969200
2024-03-21,176.25282974125793,176.60043976285593,171.19744309982087,172.9454803466797,2212100
2024-03-22,173.80956151785566,177.15663222434523,173.02989784756343,177.02752685546875,1608100
2024-03-25,178.77555181107067,187.76399230812552,178.3186742882462,185.9861602783203,3570600
2024-03-26,188.60817389476523,197.47743426095133,183.2250459852668,184.1487274169922,4228700
2024-03-27,186.80056525407022,188.82668124329922,181.0996068308155,183.63226318359375,2452100
2024-03-28,183.77131281239627,185.55907115466604,182.08785110820983,183.59254455566406,2050800
2024-04-01,184.7645066497992,187.52559414275353,182.1523927012531,184.71484375,1977500
2024-04-02,183.42866260800804,187.0885926663344,182.86750364237778,186.85023498535156,1875500
2024-04-03,187.19785374527987,191.89568866093956,185.5988052222627,188.9657440185547,2555800
2024-04-04,192.12411103311032,194.17009529014157,181.71540633205387,181.8643798828125,3747800
2024-04-05,181.0797428108478,193.5245040286361,180.18585612909428,191.76654052734375,4330700
2024-04-08,193.53941059549174,196.2955272300432,186.83035752421023,190.6740264892578,1663500
2024-04-09,191.28982281213825,193.5145752599872,183.79117950874382,186.8204345703125,1958600
2024-04-10,182.25171363913572,192.5114440784007,181.25851628960365,189.7801513671875,3861900
2024-04-11,190.2668458729919,192.9584025195802,188.70751857667335,191.56793212890625,2267300
2024-04-12,190.654170362435,191.9353882783489,189.0551220194792,190.3661346435547,1801400
2024-04-15,192.76968187207154,194.66669256436057,183.5230164000628,184.1387939453125,2531500
2024-04-16,183.77131980800792,186.9942406283631,181.86438255532542,185.3802947998047,2982700
2024-04-17,186.64165566453715,187.7540319153082,181.387648028317,184.1387939453125,3282900
2024-04-18,184.86383045108252,186.98728690303287,181.84450197380608,182.60926818847656,1654200
2024-04-19,182.05308592224247,184.69499463576682,176.44151153554697,179.66940307617188,3413600
2024-04-22,180.3646427151023,182.59933672649817,176.99770434413205,181.97361755371094,2327500
2024-04-23,182.71853748073735,188.45921757306712,182.71853748073735,186.96942138671875,2387300
2024-04-24,185.4597609224009,193.04778905216602,182.39774049173025,184.89364624023438,2266400
2024-04-25,184.3374542284945,189.23292534663878,184.1437734498293,186.73104858398438,2908900
2024-04-26,185.64348846943733,188.0917316193312,184.36724130680346,187.08859252929688,1826600
2024-04-29,187.14818191646674,189.12465023109564,184.87376650088012,187.32696533203125,2205500
2024-04-30,187.32696033478123,188.11157960468873,184.44669396576654,184.6751251220703,2173200
2024-05-01,184.98302577508466,186.92472861591327,182.66887388907134,183.3045196533203,2717000
2024-05-02,183.74151702103316,185.9066800553185,182.3510467380049,184.91348266601562,3071000
2024-05-03,188.042073698411,195.9280638204878,186.7211192806459,193.53445434570312,3480200
2024-05-06,196.40478069754664,197.5568932885198,192.79946938053115,196.35511779785156,2708000
2024-05-07,197.3483308425098,203.6849354410397,196.00752337420946,199.1956787109375,2797300
2024-05-08,197.18939872320448,206.85322002292156,196.7623311294704,206.58505249023438,3992100
2024-05-09,204.03253402808124,214.48097488980113,201.61907162733135,214.44125366210938,4313500
2024-05-10,219.01989577273488,219.01989577273488,210.4188026169265,213.46791076660156,2744700
2024-05-13,215.52383061550807,217.18743925148738,211.1438265496729,212.13702392578125,1919300
2024-05-14,213.11038546235858,216.42766132904208,209.33623209760339,216.25881958007812,1951000
2024-05-15,218.64247487628592,223.19132078369083,218.26505501495424,221.79090881347656,2682200
2024-05-16,222.2080446515927,223.27077311812826,214.76900600580092,214.86831665039062,3539800
2024-05-17,214.88818505374815,216.2309928780376,208.48206500429356,211.66029357910156,3057300
2024-05-20,212.49457275949783,213.7758058444209,209.71361711240564,213.60696411132812,2326200
2024-05-21,214.4611221440485,221.15527853894721,214.0340545068989,221.07582092285156,1881100
2024-05-22,220.589139095052,222.87845172899225,216.37797684474828,218.6126708984375,1573700
2024-05-23,222.25770508310003,226.4986620742036,219.2383917622957,219.65553283691406,2658300
2024-05-24,221.79091429210678,234.69255428353793,220.1322764128988,229.06112670898438,2670600
2024-05-28,231.15677880026874,233.1828949198307,220.3110645196941,229.69677734375,2602200
2024-05-29,225.58162346586002,227.67053249077054,217.73331726142405,219.57354736328125,3809400
2024-05-30,221.15514828736787,224.09949832463624,218.8374588337947,223.77125549316406,2040800
2024-05-31,222.87598562040404,223.29376437110662,206.9008547450374,216.1019744873047,5618300
2024-06-03,214.36123194832672,216.05224559163804,202.97174029343216,207.15948486328125,4922600
2024-06-04,205.89622058436947,207.398235917525,195.79984651554244,202.06655883789062,4666700
2024-06-05,203.409411019391,211.7252345540048,203.36961389317608,208.2238311767578,4502200
2024-06-06,208.3929358361161,208.7012952697074,195.17317107172713,201.52940368652344,4842100
2024-06-07,201.01214663376044,202.9219989198627,196.476245556998,196.95370483398438,4558700
2024-06-10,198.4756212935663,213.6350939406786,197.08501373120126,213.49583435058594,5719600
2024-06-11,210.04416121304888,218.39976663823666,209.33790642007918,217.1563720703125,3701900
2024-06-12,220.10074739199825,220.59810524245725,211.02892987847977,216.9773406982422,3137900
2024-06-13,219.14580381324393,219.19554263169073,212.9885114721774,218.76780700683594,2238200
2024-06-14,217.64380475060867,217.7134269590639,209.8452370704898,213.764404296875,2373800
2024-06-17,212.73984262994955,213.5853570491056,207.6071211357856,210.89962768554688,3321100
2024-06-18,211.66554128804052,220.03110373712204,208.00997333386658,219.2452850341797,2714700
2024-06-20,222.63728438886199,226.56640852934615,218.13120811918373,221.13525390625,3075100
2024-06-21,221.82160130470234,223.39325393353155,214.59997078017457,216.9773406982422,5513400
2024-06-24,216.84803799939698,219.68298401698263,214.21303385874361,214.9580841064453,2474100
2024-06-25,215.35595457839162,221.28446698097127,213.04820680963417,221.19493103027344,2305100
2024-06-26,219.4044468603907,221.02582311269936,206.3537666964623,209.1986541748047,4237000
2024-06-27,206.49304008032703,206.82129810108273,200.19648752544876,203.69789123535156,4733600
2024-06-28,204.16539558983138,206.20456579213342,198.38609985328452,199.2117156982422,10579100
2024-07-01,207.08986793163928,212.46132674205617,202.06655051591832,203.96646118164062,4168400
2024-07-02,202.384865905971,210.68079132031554,202.0267676417036,205.06063842773438,1905300
2024-07-03,204.22507406373572,211.30744485635174,200.94250928038434,208.95993041992188,1612700
2024-07-05,208.8903157419015,211.6357258560866,206.97052155417055,210.17349243164062,1601600
2024-07-08,210.7106414591063,215.2863248524879,210.13370449638816,214.59002685546875,1634400
2024-07-09,215.8930967773419,221.19493347440755,213.9235638689034,214.81881713867188,1773200
2024-07-10,217.02706073421086,218.79766861632538,212.61053584518083,218.38983154296875,2584300
2024-07-11,218.39976535135523,219.37757253376273,214.05286282451576,215.6941375732422,2438200
2024-07-12,215.11721428667025,219.97143181539025,211.18511534339416,215.99256896972656,1760700
2024-07-15,215.85332052114987,218.4893112212279,210.5196550868767,211.75509643554688,2164300
2024-07-16,213.00842546162943,213.87382328828306,202.98168909848786,203.79736328125,4049600
2024-07-17,201.06188994076115,201.98696825920302,184.78834042961188,185.68357849121094,6748700
2024-07-18,189.36401192961353,191.8209607798536,177.12902167430545,186.29034423828125,5484900
2024-07-19,187.02646290747356,188.93631536022806,185.41501304252597,188.29969787597656,2827000
2024-07-22,191.22416254584732,195.77996253323874,187.61333949175705,189.4137725830078,1868800
2024-07-23,188.66772859301213,191.1465645359599,187.30497291505273,188.86666870117188,1856600
2024-07-24,187.29501715845709,187.29501715845709,173.77683410015405,174.1548309326172,4910100
2024-07-25,175.7662600784402,175.90551966846147,164.99348729200537,169.52938842773438,5542000
2024-07-26,175.6071096169676,176.1343229217389,170.53406846269576,174.1150360107422,3469300
2024-07-29,175.1197041010251,176.21388227712953,170.2237162816677,171.7675018310547,2100100
2024-07-30,172.55332353624416,174.1050775083981,164.87411757001277,167.798583984375,3517100
2024-07-31,192.25864923189818,195.46163499932027,182.03297305280208,188.7970428466797,7483700
2024-08-01,187.29700958271627,193.24341667679514,175.6866760656289,176.6316680908203,4482100
2024-08-02,173.54804605269868,174.40350214535866,160.5849136069005,166.1970977783203,6099200
2024-08-05,155.41438126323206,171.84707315242645,154.77776384353152,169.0718231201172,5430800
2024-08-06,172.722423315325,182.85857812674737,167.50016619949412,180.08331298828125,6322100
2024-08-07,189.08551013915752,189.08551013915752,175.96520718572484,178.71063232421875,6154900
2024-08-08,182.28166266058523,186.63852253780513,175.48775221180222,186.04168701171875,3338800
2024-08-09,186.09141852367378,189.09546424480504,182.1026139547967,188.86666870117188,3204000
2024-08-12,189.34801564471826,190.1751693273061,183.06963103205504,186.6871795654297,2232300
2024-08-13,188.69027319020827,190.19510133379393,186.42807367920722,188.76004028320312,2349000
2024-08-14,188.31160088227537,189.2384023395295,181.58476313464487,185.51123046875,2327900
2024-08-15,185.76036522558334,191.91916655934475,184.85349943327168,189.73667907714844,4241900
2024-08-16,190.56382963697737,190.70334861861076,185.1923260344496,189.3280792236328,2572300
2024-08-19,188.95934899986298,192.21813216827175,184.92324363809846,192.11846923828125,2025100
2024-08-20,192.33772679567193,192.83601106198194,188.9882674999247,190.0655517578125,2507000
2024-08-21,190.82293549511368,196.65286740573274,190.32465123630618,196.0648956298828,2404200
2024-08-22,194.89890391290226,198.12578399700678,194.04185441632953,194.28102111816406,1520300
2024-08-23,194.34081275484783,196.65285891497462,191.85936698524085,194.32089233398438,2683300
2024-08-26,194.82914458471924,197.31060566013818,192.41745060440107,194.2212371826172,1953400
2024-08-27,194.22122364778747,197.619525694955,192.90576120766218,195.46693420410156,1703200
2024-08-28,196.51334980982335,196.77245215191937,191.74975347848496,193.10508728027344,2493200
2024-08-29,195.23773828206532,198.42675443747234,191.6500856032146,193.7727813720703,2463800
2024-08-30,194.58996331537196,197.13121607710073,194.48034017015453,196.0250244140625,2239400
2024-09-03,194.8291479951489,195.12812159601805,176.57200519083983,177.16995239257812,4252300
2024-09-04,177.07029756982715,182.12290755737237,175.39606965853648,176.91085815429688,3310400
2024-09-05,177.35929434991215,179.1331850352771,174.50910787683782,175.4658203125,2444900
2024-09-06,175.20670789687452,176.03386158771627,171.34999261631475,172.51597595214844,3390300
2024-09-09,175.74484868683422,175.74484868683422,170.45305755092514,174.3197479248047,2184400
2024-09-10,176.2431429543748,180.5831944561265,173.26339770484608,179.6314697265625,2301800
2024-09-11,180.90707933261632,187.50435796369598,178.530268924654,186.60745239257812,2846900
2024-09-12,186.35832069600582,191.0222542571192,183.5579654757951,189.27825927734375,2154900
2024-09-13,190.7930409190233,197.13121734126617,188.5308261112629,195.3074951171875,2613600
2024-09-16,194.33085289623685,198.84530687777365,192.02878214880226,198.56626892089844,2264000
2024-09-17,199.31369949322135,203.99756839002634,197.56970462265568,200.5394744873047,2881700
2024-09-18,201.266974333863,204.249699985107,197.73911344424695,199.64256286621094,1796000
2024-09-19,204.40617906978486,207.92406488934475,201.77523866522728,207.7845458984375,3432600
2024-09-20,234.35306099256158,254.36415905584224,232.20046930142598,254.10504150390625,15031400
2024-09-23,258.6693311177448,270.9171671465946,251.2448984410723,256.2377014160156,10270000
2024-09-24,253.20813474893242,258.5497426953252,250.22639731804395,252.6201629638672,4562700
2024-09-25,253.56688768479216,266.1734729339093,252.37100854441567,261.9579772949219,6246200
2024-09-26,262.924656749302,269.193081196084,253.6266859277911,255.88888549804688,4072200
2024-09-27,256.29747805722667,261.4995668138294,254.46379567731304,256.11810302734375,2598100
2024-09-30,256.86551664341835,260.22394743628803,250.4127298808623,259.1277160644531,2899300
2024-10-01,258.21090704342544,265.0872236803827,253.08854550988872,264.69854736328125,3179800
2024-10-02,264.00097192772967,268.79446410576924,260.7521488001718,264.4693603515625,3233600
2024-10-03,271.21612386111764,278.55088417841495,267.0803704755052,276.418212890625,4274200
2024-10-04,276.9563506144962,285.0185859881857,274.65427985300477,284.54022216796875,3829200
2024-10-07,284.0220297125699,287.7621421425393,273.05977593419,277.6041259765625,3477000
2024-10-08,277.93299018804174,280.4343563219242,272.1628503351215,278.4312744140625,2599100
2024-10-09,275.10271110518596,275.10271110518596,256.6163783448996,261.3799743652344,5235800
2024-10-10,260.1641709630331,266.8411920983499,258.141138118435,261.4098815917969,2733500
2024-10-11,255.51020290682735,265.98411677549825,248.19537882922936,265.30645751953125,4477700
2024-10-14,266.6518518494509,271.8838366903875,264.2999342776959,270.8075256347656,2229300
2024-10-15,268.87419413414756,268.87419413414756,261.43980094851514,265.2367248535156,3000900
2024-10-16,267.29959433145166,279.2783363066977,263.21365755105313,278.83984375,2469300
2024-10-17,284.02201125234365,284.02201125234365,269.6116398286139,270.2693786621094,3209900
2024-10-18,266.86113310522126,271.6446501235278,264.090673669654,269.23297119140625,1708800
2024-10-21,272.1429127626155,273.1793525188411,267.090333578337,272.7807312011719,1650900
2024-10-22,269.4422186882816,270.4935911497087,264.93774004684605,265.08721923828125,2134100
2024-10-23,264.0906696156861,267.0066241263088,261.70885614814966,265.1370544433594,2633700
2024-10-24,266.87109569480225,266.8810406993786,261.6690067413469,263.5923767089844,1553700
2024-10-25,268.07693139587127,268.81438236722505,262.1872078037648,263.502685546875,2016200
2024-10-28,265.9741857741385,270.2594182268405,264.1006320984188,266.0638732910156,1542500
2024-10-29,265.3662742616327,266.31302655635506,260.8020036501634,264.0906677246094,1829700
2024-10-30,265.96421955601977,267.08037146623917,260.5329087920293,260.8817138671875,1831000
2024-10-31,260.84183290250803,263.2834379248942,258.4600499707404,262.0576477050781,2290900
2024-11-01,261.82847284026275,263.86145083741627,255.93874890837824,257.21435546875,2804500
2024-11-04,231.70216318915516,234.68987647860328,223.90899065936367,225.1746368408203,10719400
2024-11-05,229.55956435449977,236.04721993662235,226.22105373443765,232.94789123535156,6347400
2024-11-06,238.0004987425994,241.16957930378652,232.95784931102924,234.1836395263672,4790100
2024-11-07,241.68780296380626,247.49779928988076,237.57894983997724,240.760986328125,4154900
2024-11-08,242.41528992592248,247.14899034585315,236.0173219199666,238.54859924316406,5162100
2024-11-11,241.15963061178485,243.07304041668374,233.48604055681727,236.45582580566406,3382100
2024-11-12,234.632083896682,235.17022418168767,224.91554127745576,227.9152069091797,4460000
2024-11-13,230.20731444037435,231.97124487375623,224.83581104502272,225.1846160888672,2979500
2024-11-14,227.416928418873,230.74546355581978,224.34749561733872,224.6066131591797,2513200
2024-11-15,224.42995014934286,227.32452639107865,221.24590714526354,223.8610076904297,2717400
2024-11-18,225.56781370772578,231.60649898692796,220.7667868979096,229.84979248046875,3295000
2024-11-19,225.88221927545476,234.45118784346695,225.67761565041954,234.1417694091797,2197500
2024-11-20,237.69511389360605,241.0288705576436,231.70632290084168,234.98019409179688,2567600
2024-11-21,236.8666531169506,251.71885905524206,233.67263442868426,251.3695068359375,3586400
2024-11-22,250.74069803456544,252.75691331968005,244.5722355451778,249.42315673828125,2471600
2024-11-25,253.026420361415,255.13247914404877,242.54603608609014,248.46495056152344,3459600
2024-11-26,249.0838068258061,266.63096661957115,248.73445458533405,266.2317199707031,3881600
2024-11-27,264.50493723205363,265.50306907066516,250.38137780781383,252.9166259765625,2298200
2024-11-29,257.4980490147623,260.3017916968151,254.7232286389359,256.0806884765625,1185700
2024-12-02,256.5198752176126,257.9571874611246,249.0438624764232,249.11373901367188,1908400
2024-12-03,251.00119069401248,253.70512932902298,246.11933691529748,247.04759216308594,1784600
2024-12-04,252.20793307285862,257.17864034667724,250.5310789782806,253.72509765625,2701200
2024-12-05,253.24600474315585,259.2747294209767,252.6271678929565,255.611572265625,2118200
2024-12-06,255.9709126970196,258.08694724265894,249.95216392168857,253.1561737060547,1329700
2024-12-09,253.3158608967954,253.5254752745278,235.88848833011087,239.40191650390625,3262400
2024-12-10,237.43560366985258,239.05257235446783,230.27900030424422,231.90594482421875,2771500
2024-12-11,234.3314064839557,239.00066082110453,231.68634808105213,236.15798950195312,2386700
2024-12-12,242.50611286360373,247.66645252781612,238.47365179556232,238.57347106933594,2822000
2024-12-13,241.5379256679553,242.9652468663026,236.05817646913152,238.62338256835938,2004800
2024-12-16,239.60154992570446,243.24472502963667,236.80478257586674,238.8529510498047,1974400
2024-12-17,237.21600761536126,237.6352211443849,228.43244471552697,233.80239868164062,2506500
2024-12-18,233.88224719214205,236.5472572306907,224.35008559850388,225.33822631835938,3173700
2024-12-19,228.43245278682966,233.35323543188082,224.5596963862267,224.7493438720703,3626800
2024-12-20,221.40560389980453,231.26713575898177,219.2296686490477,226.59588623046875,4985400
2024-12-23,226.5759233713074,228.9315150781235,221.28582167385025,227.85353088378906,1935200
2024-12-24,228.81672250441864,229.68011200521426,226.73163587002887,229.36070251464844,978400
2024-12-26,228.1429987993429,229.79988605563298,226.8943288180562,228.21286010742188,920500
2024-12-27,227.75371108619342,227.75371108619342,222.32388678576564,226.1167755126953,1466000
2024-12-30,223.1024293870579,228.5721875137371,221.83479770710946,225.89720153808594,1587100
2024-12-31,225.92713578649588,226.6058580902399,222.46361727167607,223.2920684814453,1885700
2025-01-02,225.9570899494254,243.2646923336187,224.71740582256115,242.14678955078125,4552500
2025-01-03,250.0320224195386,253.70415026038447,243.89351778159127,251.928466796875,4576600
2025-01-06,257.39824762100255,267.31968069577357,251.04013734855602,263.7862854003906,4116000
2025-01-07,263.0077276456327,264.9840395630048,249.09376800430888,255.15243530273438,3112400
2025-01-08,255.03265701438073,255.5117712559807,227.62396564049632,243.38446044921875,8414200
2025-01-10,281.96223877883796,309.42085398820416,279.60666238245045,304.6198425292969,14707200
2025-01-13,296.9392242033417,299.89868142712515,278.3390277844182,278.71832275390625,6920600
2025-01-14,283.3646105705831,293.8499897877446,280.87427665446285,288.330322265625,4852400
2025-01-15,296.5349815435489,304.5380079128017,292.47257768732254,300.2080993652344,4140700
2025-01-16,301.90492976484717,319.9112361447577,301.90492976484717,314.65106201171875,5269100
2025-01-17,319.5618704097044,319.5618704097044,310.45891356175406,315.7689514160156,2820000
2025-01-21,325.3909768906018,329.7228653816689,317.735292344545,323.035400390625,4032300
2025-01-22,328.385358428481,335.8194420400241,318.4040405431169,331.848876953125,4576600
2025-01-23,332.5076693578566,351.3424125669451,332.3779073431611,345.5732116699219,4853500
2025-01-24,347.10034250148925,349.3461391100539,341.31119009474907,346.7909240722656,3226600
2025-01-27,291.9136087362231,302.1045560329306,269.9347581408579,274.4862365722656,16083200
2025-01-28,281.0240068419737,283.8387459360432,258.60597428647674,278.2791442871094,9989300
2025-01-29,278.5087056838254,293.64038692443546,275.54425311787867,291.3446960449219,6638500
2025-01-30,300.43768845384125,310.10958856881854,298.23182558252427,307.97357177734375,6023100
2025-01-31,311.4171193657618,311.4171193657618,297.3883843279455,299.4195861816406,4726000
2025-02-03,284.86682195476766,308.0733873089722,283.4893951374726,305.7377624511719,3723500
2025-02-04,297.6698318989167,306.5162803191128,292.95167327650097,305.7576904296875,2996300
2025-02-05,309.9498601742187,317.77520966782004,302.284215420556,313.2436828613281,3578600
2025-02-06,314.73593792050974,315.98856780592115,305.2985842167934,311.2174987792969,2480100
2025-02-07,313.89251398933845,319.012904773967,308.7271634084106,309.2112731933594,2298000
2025-02-10,312.0459650253161,321.3984555827124,311.99107508412214,321.228759765625,2729800
2025-02-11,316.7172138972516,318.5637639060964,308.8619211359817,312.9941711425781,2642900
2025-02-12,304.8593868659167,316.8369684070797,303.22246656145154,313.2137451171875,1766400
2025-02-13,315.7689783037169,317.14442519731205,304.52004328942746,310.9080810546875,2707200
2025-02-14,310.603648022515,317.595566296491,305.6479271906427,316.70721435546875,2193000
2025-02-18,323.2350079692485,328.954314317366,315.22500613063437,324.9917297363281,3253000
2025-02-19,323.2050687455354,329.2717169946209,317.53568720360875,321.0640869140625,3079100
2025-02-20,316.89684979552635,321.39843388080277,303.6117182107768,308.8419494628906,3860000
2025-02-21,309.4208451665302,309.8799772465291,277.2510476209941,283.9085998535156,6478000
2025-02-24,289.46821514349335,289.46821514349335,262.15931305994695,267.2198486328125,7221400
2025-02-25,264.2853463258885,267.5492264639063,248.09564672704164,263.81622314453125,5094600
2025-02-26,272.24045489761124,279.4270162120403,267.5492231422803,269.6353454589844,4724900
2025-02-27,275.87365871174865,280.0757849981664,248.32520011990542,249.2734375,5131000
2025-02-28,245.95964106024286,251.0690811324815,241.15862944672415,250.07693481445312,6029600
2025-03-03,248.91411767154452,249.25547400148656,228.81174346421568,231.8560333251953,5315000
2025-03-04,227.07498326572215,239.1823268076025,220.8366595496309,231.21722412109375,5525500
2025-03-05,230.2191035111289,233.1037039283792,223.0026145502389,228.8916015625,3840200
2025-03-06,219.77864981269212,222.3638075939265,204.32757336788345,207.302001953125,7710800
2025-03-07,208.10000610351562,216.13999938964844,203.10000610351562,212.5399932861328,4986200
2025-03-10,203.61000061035156,208.24000549316406,195.55999755859375,202.2100067138672,7689500
2025-03-11,203.99000549316406,211.63999938964844,199.9250030517578,208.5800018310547,5051000
2025-03-12,219.4199981689453,224.3300018310547,210.0,215.35000610351562,7320400
2025-03-13,216.77000427246094,216.77000427246094,203.72000122070312,209.8699951171875,3654300
2025-03-14,213.8300018310547,217.5,209.02999877929688,216.4600067138672,3829900
2025-03-17,216.91000366210938,222.06500244140625,214.36000061035156,218.5399932861328,3547600
2025-03-18,217.9199981689453,218.13499450683594,209.25,210.85000610351562,2716500
2025-03-19,211.1199951171875,220.3699951171875,211.1199951171875,218.0500030517578,3091900
2025-03-20,217.05999755859375,222.42999267578125,214.0,219.44000244140625,2250500
2025-03-21,215.77499389648438,222.82000732421875,212.5500030517578,222.47999572753906,3733500
2025-03-24,228.24000549316406,231.14999389648438,226.60000610351562,228.6199951171875,2773600
2025-03-25,229.30999755859375,230.8719940185547,222.0,226.8699951171875,2849900
2025-03-26,224.0,226.10000610351562,214.0,216.97000122070312,4059000
2025-03-27,211.9600067138672,217.5500030517578,207.52000427246094,209.1999969482422,4178300
2025-03-28,209.89999389648438,215.4149932861328,203.88999938964844,205.38999938964844,5572000
2025-03-31,198.97999572753906,203.55999755859375,195.5500030517578,201.6300048828125,4518500
